{"gauges": {}, "histograms": {}, "version": "3.0.0", "meters": {}, "timers": {"com.adatao.pa.rest.CommandServlet.connect": {"count": 1, "p98": 0.15049203800000002, "p75": 0.15049203800000002, "m5_rate": 0.10976232721880529, "p99": 0.15049203800000002, "min": 0.15049203800000002, "max": 0.15049203800000002, "m15_rate": 0.16374615061559633, "p95": 0.15049203800000002, "duration_units": "seconds", "rate_units": "calls/second", "stddev": 0.0, "mean_rate": 0.0053323607815405315, "m1_rate": 0.009957413673572805, "p999": 0.15049203800000002, "p50": 0.15049203800000002, "mean": 0.15049203800000002}, "com.adatao.pa.aaa.ExecutionFilter.preFilter": {"count": 7, "p98": 0.12186698400000001, "p75": 0.0109082, "m5_rate": 0.12731386674866718, "p99": 0.12186698400000001, "min": 0.004985515, "max": 0.12186698400000001, "m15_rate": 0.17080151311939243, "p95": 0.022187398, "duration_units": "seconds", "rate_units": "calls/second", "stddev": 0.01950987565075159, "mean_rate": 0.03855410590363024, "m1_rate": 0.04403110384523455, "p999": 0.12186698400000001, "p50": 0.007562873, "mean": 0.012334697620716156}, "com.adatao.pa.rest.CommandServlet.getddf": {"count": 3, "p98": 5.290412629, "p75": 0.05535125900000001, "m5_rate": 0.007098267055423655, "p99": 5.290412629, "min": 0.03470812, "max": 5.290412629, "m15_rate": 0.002963193505743605, "p95": 5.290412629, "duration_units": "seconds", "rate_units": "calls/second", "stddev": 1.4924021934189846, "mean_rate": 0.016508377631009895, "m1_rate": 0.011929493816387365, "p999": 5.290412629, "p50": 0.03470812, "mean": 0.5058570442484225}, "com.adatao.pa.rest.CommandServlet.groupby": {"count": 2, "p98": 3.126547898, "p75": 3.126547898, "m5_rate": 0.14619933063833582, "p99": 3.126547898, "min": 0.344444737, "max": 3.126547898, "m15_rate": 0.18002772628333694, "p95": 3.126547898, "duration_units": "seconds", "rate_units": "calls/second", "stddev": 1.2531153505858932, "mean_rate": 0.018681207836187225, "m1_rate": 0.045985233825827865, "p999": 3.126547898, "p50": 0.344444737, "mean": 1.1315704795550237}, "com.adatao.pa.aaa.ExecutionFilter.postFilter": {"count": 7, "p98": 0.008669069, "p75": 0.0072868640000000005, "m5_rate": 0.01766150066111541, "p99": 0.008669069, "min": 7.923e-06, "max": 0.008669069, "m15_rate": 0.0070714613909016654, "p95": 0.008669069, "duration_units": "seconds", "rate_units": "calls/second", "stddev": 0.003510654174213671, "mean_rate": 0.03855417038120032, "m1_rate": 0.03465286315891113, "p999": 0.008669069, "p50": 1.2673e-05, "mean": 0.0026338396414968776}, "com.adatao.pa.rest.CommandServlet.topn": {"count": 2, "p98": 7.078297216, "p75": 7.078297216, "m5_rate": 0.00539062002308026, "p99": 7.078297216, "min": 0.23663401, "max": 7.078297216, "m15_rate": 0.0020683547993942627, "p95": 7.078297216, "duration_units": "seconds", "rate_units": "calls/second", "stddev": 3.158255342017477, "mean_rate": 0.019244040644884892, "m1_rate": 0.012491705861195117, "p999": 7.078297216, "p50": 0.23663401, "mean": 2.3431170858955577}}, "counters": {}}