{"gauges": {}, "histograms": {}, "version": "3.0.0", "meters": {}, "timers": {"com.adatao.pa.rest.CommandServlet.nrow": {"count": 2, "p98": 1.7108072490000001, "p75": 0.173681637, "m5_rate": 0.08902745497115909, "p99": 1.7108072490000001, "min": 0.173681637, "max": 1.7108072490000001, "m15_rate": 0.1524467162819517, "p95": 1.7108072490000001, "duration_units": "seconds", "rate_units": "calls/second", "stddev": 0.5507078706037906, "mean_rate": 0.007717842950283297, "m1_rate": 0.004786222059293727, "p999": 1.7108072490000001, "p50": 0.173681637, "mean": 0.4061384571897012}, "com.adatao.pa.rest.CommandServlet.geturi": {"count": 4, "p98": 0.039998896, "p75": 0.033591363, "m5_rate": 0.17805490994231818, "p99": 0.039998896, "min": 0.023033122000000003, "max": 0.039998896, "m15_rate": 0.3048934325639034, "p95": 0.039998896, "duration_units": "seconds", "rate_units": "calls/second", "stddev": 0.005802253705572461, "mean_rate": 0.015410502534386965, "m1_rate": 0.009572444118587453, "p999": 0.039998896, "p50": 0.033591363, "mean": 0.029472271635388195}, "com.adatao.pa.aaa.ExecutionFilter.preFilter": {"count": 19, "p98": 0.02146794, "p75": 0.011410400000000001, "m5_rate": 0.09515177256242217, "p99": 0.02146794, "min": 3.535e-06, "max": 0.114804107, "m15_rate": 0.15301337474483712, "p95": 0.014716294000000001, "duration_units": "seconds", "rate_units": "calls/second", "stddev": 0.008855920311848293, "mean_rate": 0.05472201720486712, "m1_rate": 0.015524209974592855, "p999": 0.114804107, "p50": 0.006908882000000001, "mean": 0.008278630592859663}, "com.adatao.pa.rest.CommandServlet.getddf": {"count": 6, "p98": 4.782691753, "p75": 0.037108344, "m5_rate": 0.2627723989784663, "p99": 4.782691753, "min": 0.036409685000000004, "max": 4.782691753, "m15_rate": 0.45482226568046924, "p95": 0.0603018, "duration_units": "seconds", "rate_units": "calls/second", "stddev": 1.0317471342104714, "mean_rate": 0.022697174761254064, "m1_rate": 0.013614894363875142, "p999": 4.782691753, "p50": 0.036512702, "mean": 0.2745961232866213}, "com.adatao.pa.rest.CommandServlet.getauthenticateddatasources": {"count": 3, "p98": 0.35573298400000003, "p75": 0.001206602, "m5_rate": 0.06755620502166695, "p99": 0.35573298400000003, "min": 0.001206602, "max": 0.35573298400000003, "m15_rate": 0.13880179231500195, "p95": 0.35573298400000003, "duration_units": "seconds", "rate_units": "calls/second", "stddev": 0.08223573710256055, "mean_rate": 0.008634906910869695, "m1_rate": 0.0018414417741367006, "p999": 0.35573298400000003, "p50": 0.001206602, "mean": 0.02200757013901147}, "com.adatao.pa.rest.CommandServlet.quicksummary": {"count": 2, "p98": 0.17763846300000002, "p75": 0.135500798, "m5_rate": 0.08902745497115909, "p99": 0.17763846300000002, "min": 0.135500798, "max": 0.17763846300000002, "m15_rate": 0.1524467162819517, "p95": 0.17763846300000002, "duration_units": "seconds", "rate_units": "calls/second", "stddev": 0.01509671271053278, "mean_rate": 0.0077121485891767745, "m1_rate": 0.004786222059293727, "p999": 0.17763846300000002, "p50": 0.135500798, "mean": 0.14187320344276277}, "com.adatao.pa.rest.CommandServlet.listddf": {"count": 2, "p98": 0.09559139100000001, "p75": 0.030244283, "m5_rate": 0.07925543300759684, "p99": 0.09559139100000001, "min": 0.030244283, "max": 0.09559139100000001, "m15_rate": 0.14663713940795145, "p95": 0.09559139100000001, "duration_units": "seconds", "rate_units": "calls/second", "stddev": 0.022309902688656524, "mean_rate": 0.006879255887338692, "m1_rate": 0.0027526169534796683, "p999": 0.09559139100000001, "p50": 0.030244283, "mean": 0.03904673788383879}, "com.adatao.pa.aaa.ExecutionFilter.postFilter": {"count": 19, "p98": 0.010664435, "p75": 1.6431000000000002e-05, "m5_rate": 0.09517512590214068, "p99": 0.025961145, "min": 5.5760000000000005e-06, "max": 0.025961145, "m15_rate": 0.15301799880261668, "p95": 0.010664435, "duration_units": "seconds", "rate_units": "calls/second", "stddev": 0.0038092724843035736, "mean_rate": 0.054722063699864765, "m1_rate": 0.0155424479263229, "p999": 0.025961145, "p50": 7.679e-06, "mean": 0.0010708111906309742}}, "counters": {}}