{"gauges": {}, "histograms": {}, "version": "3.0.0", "meters": {}, "timers": {"com.adatao.pa.rest.CommandServlet.sql2liststring": {"count": 26, "p98": 0.921759871, "p75": 0.7862890770000001, "m5_rate": 3.349903914664466e-07, "p99": 0.921759871, "min": 0.049429158, "max": 1.459978953, "m15_rate": 0.0016428459832346291, "p95": 0.921759871, "duration_units": "seconds", "rate_units": "calls/second", "stddev": 0.1939808241150921, "mean_rate": 0.005706254992397279, "m1_rate": 2.2151518368261587e-27, "p999": 0.921759871, "p50": 0.635644662, "mean": 0.6419239087385477}, "com.adatao.pa.rest.CommandServlet.setddfname": {"count": 6, "p98": 2.8311788940000002, "p75": 2.8311788940000002, "m5_rate": 1.5261689789475377e-09, "p99": 2.8311788940000002, "min": 0.47857508600000004, "max": 2.8311788940000002, "m15_rate": 0.0003818413087826077, "p95": 2.8311788940000002, "duration_units": "seconds", "rate_units": "calls/second", "stddev": 0.03808630543904094, "mean_rate": 0.0010575288674543062, "m1_rate": 7.380294481466346e-39, "p999": 2.8311788940000002, "p50": 2.8311788940000002, "mean": 2.830476317279759}, "com.adatao.pa.rest.CommandServlet.ddfnameexists": {"count": 4, "p98": 0.010038007, "p75": 0.0066022400000000005, "m5_rate": 1.630943550005415e-08, "p99": 0.010038007, "min": 0.005437944, "max": 0.010038007, "m15_rate": 0.0013762994827205804, "p95": 0.010038007, "duration_units": "seconds", "rate_units": "calls/second", "stddev": 0.0016332821513047326, "mean_rate": 0.0007817778388089002, "m1_rate": 4.66042686075523e-38, "p999": 0.010038007, "p50": 0.0066022400000000005, "mean": 0.006826334479099422}, "com.adatao.pa.rest.CommandServlet.getauthenticateddatasources": {"count": 12, "p98": 0.000886899, "p75": 0.000886899, "m5_rate": 1.2049117401718605e-07, "p99": 0.000886899, "min": 0.000670834, "max": 0.002252755, "m15_rate": 0.0006252079074630047, "p95": 0.000886899, "duration_units": "seconds", "rate_units": "calls/second", "stddev": 6.508268809889318e-05, "mean_rate": 0.0022041433104105514, "m1_rate": 3.4751543331105455e-27, "p999": 0.000886899, "p50": 0.0007496720000000001, "mean": 0.0007790815082349984}, "com.adatao.pa.rest.CommandServlet.listddf": {"count": 4, "p98": 0.00989915, "p75": 0.00989915, "m5_rate": 7.994262221538123e-08, "p99": 0.00989915, "min": 0.00989915, "max": 0.021747528000000002, "m15_rate": 0.0012143641121783089, "p95": 0.00989915, "duration_units": "seconds", "rate_units": "calls/second", "stddev": 6.373026400512402e-05, "mean_rate": 0.0008625507361111348, "m1_rate": 8.77823159573109e-28, "p999": 0.010875757000000002, "p50": 0.00989915, "mean": 0.009903306174342456}, "com.adatao.pa.rest.CommandServlet.getmultifactor": {"count": 6, "p98": 0.772436416, "p75": 0.772436416, "m5_rate": 1.5053558591230742e-09, "p99": 0.772436416, "min": 0.772436416, "max": 6.003145288000001, "m15_rate": 0.00037979529202396473, "p95": 0.772436416, "duration_units": "seconds", "rate_units": "calls/second", "stddev": 0.06500639959775466, "mean_rate": 0.0010566536654546376, "m1_rate": 7.380136268719843e-39, "p999": 0.772436416, "p50": 0.772436416, "mean": 0.773567609328585}, "com.adatao.pa.rest.CommandServlet.getddf": {"count": 126, "p98": 0.01536285, "p75": 0.010859561, "m5_rate": 1.14166134358529e-06, "p99": 0.01536285, "min": 0.00586399, "max": 0.35145448, "m15_rate": 0.0020023920231272622, "p95": 0.01536285, "duration_units": "seconds", "rate_units": "calls/second", "stddev": 0.0018597233156206964, "mean_rate": 0.022159720776767932, "m1_rate": 1.4476066993952764e-26, "p999": 0.015911153, "p50": 0.009957795, "mean": 0.010616802392453464}, "com.adatao.pa.rest.CommandServlet.topn": {"count": 8, "p98": 0.15176725000000002, "p75": 0.15176725000000002, "m5_rate": 7.90968120628196e-08, "p99": 0.15176725000000002, "min": 0.06258506600000001, "max": 5.428499703, "m15_rate": 0.00011046955342991466, "p95": 0.15176725000000002, "duration_units": "seconds", "rate_units": "calls/second", "stddev": 0.023652564086758483, "mean_rate": 0.0017735273035991768, "m1_rate": 1.1121303164530885e-27, "p999": 0.15176725000000002, "p50": 0.15176725000000002, "mean": 0.14439902314929726}, "com.adatao.pa.rest.CommandServlet.nrow": {"count": 51, "p98": 0.23088385500000003, "p75": 0.195607628, "m5_rate": 4.761459665520927e-07, "p99": 0.29390644400000004, "min": 0.043974501000000006, "max": 0.323480374, "m15_rate": 0.0014322867102816255, "p95": 0.204197022, "duration_units": "seconds", "rate_units": "calls/second", "stddev": 0.07280151522849583, "mean_rate": 0.010151317299214618, "m1_rate": 6.650229799523397e-27, "p999": 0.29390644400000004, "p50": 0.049943649, "mean": 0.10045424385551294}, "com.adatao.pa.rest.CommandServlet.connect": {"count": 23, "p98": 0.00048590600000000003, "p75": 0.00034699300000000003, "m5_rate": 1.200847327839937e-07, "p99": 0.00048590600000000003, "min": 0.00026163, "max": 0.150040945, "m15_rate": 0.0019081969045343452, "p95": 0.00048590600000000003, "duration_units": "seconds", "rate_units": "calls/second", "stddev": 0.00191543221311718, "mean_rate": 0.004020508075541454, "m1_rate": 3.0734453693381547e-27, "p999": 0.059484928000000006, "p50": 0.00034699300000000003, "mean": 0.0004211093580051156}, "com.adatao.pa.rest.CommandServlet.countuniquevalues": {"count": 3, "p98": 0.5186014720000001, "p75": 0.38467796200000004, "m5_rate": 1.2753864421539472e-08, "p99": 0.5186014720000001, "min": 0.38467796200000004, "max": 0.66498294, "m15_rate": 0.0007707590841079108, "p95": 0.5186014720000001, "duration_units": "seconds", "rate_units": "calls/second", "stddev": 0.029609402299839795, "mean_rate": 0.0005968852905213107, "m1_rate": 1.4297861001119088e-34, "p999": 0.5186014720000001, "p50": 0.38467796200000004, "mean": 0.39153499407646253}, "com.adatao.pa.rest.CommandServlet.quicksummary": {"count": 25, "p98": 0.06993402500000001, "p75": 0.058250403000000006, "m5_rate": 2.1558568562550604e-07, "p99": 0.06993402500000001, "min": 0.032134010000000005, "max": 0.20729788000000002, "m15_rate": 0.0010740021364493014, "p95": 0.06993402500000001, "duration_units": "seconds", "rate_units": "calls/second", "stddev": 0.014068659437624274, "mean_rate": 0.004975534248442794, "m1_rate": 2.057989876371376e-27, "p999": 0.115496413, "p50": 0.039714364, "mean": 0.05001261547316506}, "com.adatao.pa.rest.CommandServlet.fetchrows": {"count": 28, "p98": 0.17316672900000002, "p75": 0.168010889, "m5_rate": 3.1334334358528333e-07, "p99": 0.22293272900000002, "min": 0.024425233, "max": 0.395373558, "m15_rate": 0.0015495579458572452, "p95": 0.17316672900000002, "duration_units": "seconds", "rate_units": "calls/second", "stddev": 0.06985749451074662, "mean_rate": 0.006049248854068939, "m1_rate": 5.400677924853133e-27, "p999": 0.22293272900000002, "p50": 0.035703912000000004, "mean": 0.08764110509776488}, "com.adatao.pa.rest.CommandServlet.geturi": {"count": 42, "p98": 0.016193608, "p75": 0.011765552, "m5_rate": 4.4084607481708597e-07, "p99": 0.016193608, "min": 0.005899003000000001, "max": 0.110882383, "m15_rate": 0.0028283237841384362, "p95": 0.011848322000000001, "duration_units": "seconds", "rate_units": "calls/second", "stddev": 0.00206868211432944, "mean_rate": 0.008358810359780549, "m1_rate": 4.51004431761362e-27, "p999": 0.016193608, "p50": 0.010262607, "mean": 0.010038670375121432}, "com.adatao.pa.rest.CommandServlet.xtabs": {"count": 13, "p98": 0.318548777, "p75": 0.318548777, "m5_rate": 1.035736016951275e-07, "p99": 0.318548777, "min": 0.190079887, "max": 0.39011889800000005, "m15_rate": 0.0009121532592908169, "p95": 0.318548777, "duration_units": "seconds", "rate_units": "calls/second", "stddev": 0.03955693166475439, "mean_rate": 0.002587384722853029, "m1_rate": 6.547254139172627e-28, "p999": 0.318548777, "p50": 0.318548777, "mean": 0.3016035303005635}, "com.adatao.pa.rest.CommandServlet.subset": {"count": 34, "p98": 0.134980082, "p75": 0.092495693, "m5_rate": 3.3193935744421874e-07, "p99": 0.134980082, "min": 0.05860651, "max": 0.44362795600000005, "m15_rate": 0.001614082613372917,