{"gauges": {}, "histograms": {}, "version": "3.0.0", "meters": {}, "timers": {"com.adatao.pa.rest.CommandServlet.fetchrows": {"count": 41, "p98": 0.24702126700000002, "p75": 0.17277181400000002, "m5_rate": 0.00021015223175762523, "p99": 0.24702126700000002, "min": 0.024846783, "max": 0.5153981670000001, "m15_rate": 0.011097401963351435, "p95": 0.24702126700000002, "duration_units": "seconds", "rate_units": "calls/second", "stddev": 0.0834474304702428, "mean_rate": 0.013547657005642146, "m1_rate": 9.514669966593154e-13, "p999": 0.24702126700000002, "p50": 0.034978552, "mean": 0.09596435237675846}, "com.adatao.pa.rest.CommandServlet.nrow": {"count": 75, "p98": 0.25608547800000003, "p75": 0.201085225, "m5_rate": 0.00034966045759729085, "p99": 0.25608547800000003, "min": 0.042497774, "max": 0.5895867880000001, "m15_rate": 0.014505505847951107, "p95": 0.25608547800000003, "duration_units": "seconds", "rate_units": "calls/second", "stddev": 0.08674157575208838, "mean_rate": 0.024807007090565752, "m1_rate": 1.1436421222437288e-12, "p999": 0.25608547800000003, "p50": 0.049772673, "mean": 0.10880927613540606}, "com.adatao.pa.rest.CommandServlet.geturi": {"count": 59, "p98": 0.009936328000000001, "p75": 0.008507581, "m5_rate": 0.0003260157518259504, "p99": 0.010453529000000001, "min": 0.00533764, "max": 0.033736598, "m15_rate": 0.026987974804537313, "p95": 0.009936328000000001, "duration_units": "seconds", "rate_units": "calls/second", "stddev": 0.001060326856105546, "mean_rate": 0.01948405927461885, "m1_rate": 6.950453401110786e-13, "p999": 0.010453529000000001, "p50": 0.007579776000000001, "mean": 0.007554374897384724}, "com.adatao.pa.rest.CommandServlet.connect": {"count": 15, "p98": 0.000284075, "p75": 0.000242403, "m5_rate": 0.00010274919287654048, "p99": 0.000284075, "min": 0.00022910400000000002, "max": 0.13007258000000002, "m15_rate": 0.015103250223912219, "p95": 0.000284075, "duration_units": "seconds", "rate_units": "calls/second", "stddev": 0.00182414761648501, "mean_rate": 0.00491579471242847, "m1_rate": 5.581823846547173e-13, "p999": 0.00042917700000000004, "p50": 0.00022910400000000002, "mean": 0.0002891239019828698}, "com.adatao.pa.rest.CommandServlet.countuniquevalues": {"count": 2, "p98": 2.008601718, "p75": 0.772535697, "m5_rate": 8.78187267163475e-06, "p99": 2.008601718, "min": 0.772535697, "max": 2.008601718, "m15_rate": 0.007027087137976994, "p95": 0.772535697, "duration_units": "seconds", "rate_units": "calls/second", "stddev": 0.23376909762727474, "mean_rate": 0.0006610180441555133, "m1_rate": 1.071849893978064e-22, "p999": 2.008601718, "p50": 0.772535697, "mean": 0.8184526256929748}, "com.adatao.pa.rest.CommandServlet.topn": {"count": 12, "p98": 0.133373205, "p75": 0.133373205, "m5_rate": 5.9501905100328214e-05, "p99": 0.133373205, "min": 0.056188682000000004, "max": 5.330963913000001, "m15_rate": 0.0012477773291099318, "p95": 0.133373205, "duration_units": "seconds", "rate_units": "calls/second", "stddev": 0.017220978447835687, "mean_rate": 0.004145116211945399, "m1_rate": 2.1427707257457172e-13, "p999": 0.133373205, "p50": 0.133373205, "mean": 0.12902430739871365}, "com.adatao.pa.rest.CommandServlet.xtabs": {"count": 18, "p98": 0.21978133000000002, "p75": 0.20332735500000002, "m5_rate": 7.520992191485753e-05, "p99": 0.21978133000000002, "min": 0.194710659, "max": 0.483622898, "m15_rate": 0.008820914043310108, "p95": 0.21978133000000002, "duration_units": "seconds", "rate_units": "calls/second", "stddev": 0.010819655415204197, "mean_rate": 0.0059959985157729484, "m1_rate": 9.753979228504098e-14, "p999": 0.32653606100000004, "p50": 0.20332735500000002, "mean": 0.205417555838067}, "com.adatao.pa.rest.CommandServlet.subset": {"count": 50, "p98": 0.101423814, "p75": 0.09899418800000001, "m5_rate": 0.00022098656362625526, "p99": 0.1064152, "min": 0.053364311000000005, "max": 1.720056102, "m15_rate": 0.011803883097482601, "p95": 0.100505962, "duration_units": "seconds", "rate_units": "calls/second", "stddev": 0.014065663369757944, "mean_rate": 0.016512109421348387, "m1_rate": 6.735347296091537e-13, "p999": 0.129328513, "p50": 0.094657632, "mean": 0.09040860982022991}, "com.adatao.pa.rest.CommandServlet.sampledataframe": {"count": 18, "p98": 0.0347376, "p75": 0.029187522, "m5_rate": 8.233300756679928e-05, "p99": 0.048299827000000004, "min": 0.028415449000000002, "max": 0.091083459, "m15_rate": 0.008833211523672424, "p95": 0.029728726, "duration_units": "seconds", "rate_units": "calls/second", "stddev": 0.0022625066893950255, "mean_rate": 0.005985407802634109, "m1_rate": 2.497107666415291e-13, "p999": 0.048299827000000004, "p50": 0.029187522, "mean": 0.029558708365983198}, "com.adatao.pa.aaa.ExecutionFilter.preFilter": {"count": 593, "p98": 0.011471548000000002, "p75": 0.003966988, "m5_rate": 0.0028080475365876924, "p99": 0.012223060000000001, "min": 3.31e-06, "max": 0.061461893000000004, "m15_rate": 0.06694965546569653, "p95": 0.005593289, "duration_units": "seconds", "rate_units": "calls/second", "stddev": 0.0021520760719264133, "mean_rate": 0.19446885750372708, "m1_rate": 8.973651575045284e-12, "p999": 0.013908394000000001, "p50": 0.003262048, "mean": 0.0032361061060197332}, "com.adatao.pa.rest.CommandServlet.getddf": {"count": 180, "p98": 0.015680503000000002, "p75": 0.010160663, "m5_rate": 0.000855062659086833, "p99": 0.015680503000000002, "min": 0.008492702000000001, "max": 4.772146624, "m15_rate": 0.02520465219588575, "p95": 0.015680503000000002, "duration_units": "seconds", "rate_units": "calls/second", "stddev": 0.0016453735926163118, "mean_rate": 0.059349257680501206, "m1_rate": 2.5160472532678852e-12, "p999": 0.015680503000000002, "p50": 0.009832896, "mean": 0.010193905147580036}, "com.adatao.pa.rest.CommandServlet.sql2liststring": {"count": 39, "p98": 0.942024343, "p75": 0.8956137930000001, "m5_rate": 0.00022353224640707785, "p99": 0.942024343, "min": 0.054417903000000004, "max": 1.5638049420000002, "m15_rate": 0.011870917086946911, "p95": 0.942024343, "duration_units": "seconds", "rate_units": "calls/second", "stddev": 0.21212171082631992, "mean_rate": 0.013247926309613123, "m1_rate": 3.41200715139789e-13, "p999": 0.942024343, "p50": 0.5817190670000001, "mean": 0.64844757706199}, "com.adatao.pa.rest.CommandServlet.getauthenticateddatasources": {"count": 15, "p98": 0.0007395580000000001, "p75": 0.0007395580000000001, "m5_rate": 9.713684254256278e-05, "p99": 0.0007395580000000001, "min": 0.0005615020000000001, "max": 0.24959889400000002, "m15_rate": 0.008403707031915694, "p95": 0.0007395580000000001, "duration_units": "seconds", "rate_units": "calls/second", "stddev": 7.0019120633809e-05, "mean_rate": 0.004918836615923848, "m1_rate": 6.203662614025272e-13, "p999": 0.0007395580000000001, "p50": 0.0007395580000000001, "mean": 0.0006845390232657912}, "com.adatao.pa.rest.CommandServlet.quicksummary": {"count": 36, "p98": 0.061419722, "p75": 0.050297563, "m5_rate": 0.00015735240278093592, "p99": 0.061419722, "min": 0.029669877, "max": 0.13925979600000002, "m15_rate": 0.010481027093000563, "p95": 0.050297563, "duration_units": "seconds", "rate_units": "calls/second", "stddev": 0.008314863189468264, "mean_rate": 0.011906761866468144, "m1_rate": 3.372035351183546e-13, "p999": 0.061419722, "p50": 0.034639537000000005, "mean": 0.042154138801724465}, "com.adatao.pa.rest.CommandServlet.listddf": {"count": 6, "p98": 0.007851724000000001, "p75": 0.007851724000000001, "m5_rate": 3.852517419334129e-05, "p99": 0.007851724000000001, "min": 0.007851724000000001, "max": 0.08924332, "m15_rate": 0.007436940779848853, "p95": 0.007851724000000001, "duration_units": "seconds", "rate_units": "calls/second", "stddev": 0.00012778983166613286, "mean_rate": 0.0019725549671200486, "m1_rate": 1.4660590797452032e-13, "p999": 0.008972259, "p50": 0.007851724000000001, "mean": 0.007856180753759887}, "com.adatao.pa.rest.CommandServlet.fivenumsummary": {"count": 6, "p98": 0.177841424, "p75": 0.177841424, "m5_rate": 4.282471411183643e-05, "p99": 0.177841424,