{"gauges": {}, "histograms": {}, "version": "3.0.0", "meters": {}, "timers": {"com.adatao.pa.rest.CommandServlet.fetchrows": {"count": 66, "p98": 0.205432319, "p75": 0.158701648, "m5_rate": 7.912680624861367e-06, "p99": 0.205432319, "min": 0.031623363, "max": 0.37001852900000004, "m15_rate": 0.0015288031655390857, "p95": 0.205432319, "duration_units": "seconds", "rate_units": "calls/second", "stddev": 0.01983547360671087, "mean_rate": 0.010260001700736637, "m1_rate": 8.86455285338107e-20, "p999": 0.205432319, "p50": 0.154897847, "mean": 0.1634521763403673}, "com.adatao.pa.rest.CommandServlet.nrow": {"count": 70, "p98": 0.211683784, "p75": 0.1862163, "m5_rate": 1.0399095164568271e-05, "p99": 0.211683784, "min": 0.044849232, "max": 0.360513484, "m15_rate": 0.0017193286478270088, "p95": 0.20537286100000002, "duration_units": "seconds", "rate_units": "calls/second", "stddev": 0.06441606748247249, "mean_rate": 0.010868893451641196, "m1_rate": 4.0196545789785677e-19, "p999": 0.25204582200000003, "p50": 0.048036402000000006, "mean": 0.08652426792264001}, "com.adatao.pa.rest.CommandServlet.geturi": {"count": 172, "p98": 0.014990315, "p75": 0.008971061, "m5_rate": 2.525497860653615e-05, "p99": 0.014990315, "min": 0.004898616000000001, "max": 0.025469643, "m15_rate": 0.0038938289590331595, "p95": 0.014990315, "duration_units": "seconds", "rate_units": "calls/second", "stddev": 0.002187632952883912, "mean_rate": 0.026695063707084306, "m1_rate": 4.6643173588476705e-18, "p999": 0.014990315, "p50": 0.007742763000000001, "mean": 0.00812274017982284}, "com.adatao.pa.rest.CommandServlet.connect": {"count": 26, "p98": 0.00030969900000000003, "p75": 0.00030161, "m5_rate": 7.251141480641051e-06, "p99": 0.00030969900000000003, "min": 0.00021619300000000002, "max": 0.148124282, "m15_rate": 0.0008104083346612726, "p95": 0.00030969900000000003, "duration_units": "seconds", "rate_units": "calls/second", "stddev": 1.2189329503405361e-05, "mean_rate": 0.003919864231461277, "m1_rate": 1.8399272531450793e-18, "p999": 0.00038533, "p50": 0.00030161, "mean": 0.0003007256943412017}, "com.adatao.pa.rest.CommandServlet.sql2liststring": {"count": 148, "p98": 1.071374228, "p75": 0.957309516, "m5_rate": 1.984578705691307e-05, "p99": 1.071374228, "min": 0.0473958, "max": 2.387195027, "m15_rate": 0.00314988211977292, "p95": 1.071374228, "duration_units": "seconds", "rate_units": "calls/second", "stddev": 0.1254673441286908, "mean_rate": 0.02307412604046338, "m1_rate": 4.263234587388491e-18, "p999": 1.071374228, "p50": 0.855144301, "mean": 0.8645523170642466}, "com.adatao.pa.rest.CommandServlet.xtabs": {"count": 32, "p98": 0.30935331600000004, "p75": 0.234387157, "m5_rate": 7.886970176010753e-06, "p99": 0.30935331600000004, "min": 0.19721834600000002, "max": 2.3739638160000003, "m15_rate": 0.0010101052305597252, "p95": 0.30935331600000004, "duration_units": "seconds", "rate_units": "calls/second", "stddev": 0.02483998456007705, "mean_rate": 0.0049667964343233645, "m1_rate": 4.901791160606612e-19, "p999": 0.30935331600000004, "p50": 0.234387157, "mean": 0.23785790272048457}, "com.adatao.pa.rest.CommandServlet.vectormax": {"count": 4, "p98": 0.059534717, "p75": 0.059534717, "m5_rate": 2.817876414117979e-07, "p99": 0.059534717, "min": 0.054723282000000005, "max": 0.08978533000000001, "m15_rate": 0.0004133542778341269, "p95": 0.059534717, "duration_units": "seconds", "rate_units": "calls/second", "stddev": 0.0023960071193135394, "mean_rate": 0.0006941511340854728, "m1_rate": 4.435331663542443e-24, "p999": 0.059534717, "p50": 0.054723282000000005, "mean": 0.056913067626472524}, "com.adatao.pa.rest.CommandServlet.vectorhistogram": {"count": 4, "p98": 0.15229894300000002, "p75": 0.15229894300000002, "m5_rate": 2.841869052306709e-07, "p99": 0.15229894300000002, "min": 0.09483936000000001, "max": 0.45365101300000005, "m15_rate": 0.0004135708484781923, "p95": 0.15229894300000002, "duration_units": "seconds", "rate_units": "calls/second", "stddev": 0.02859377401771904, "mean_rate": 0.0006940958790608145, "m1_rate": 4.644079076168161e-24, "p999": 0.15229894300000002, "p50": 0.09483936000000001, "mean": 0.1207768393653904}, "com.adatao.pa.rest.CommandServlet.subset": {"count": 4, "p98": 0.06381038800000001, "p75": 0.06381038800000001, "m5_rate": 9.67561151361204e-07, "p99": 0.06381038800000001, "min": 0.057471585000000006, "max": 0.100218786, "m15_rate": 0.0006378040450004346, "p95": 0.06381038800000001, "duration_units": "seconds", "rate_units": "calls/second", "stddev": 0.003165038679122998, "mean_rate": 0.0007451418152998751, "m1_rate": 2.1138560339200167e-21, "p999": 0.06381038800000001, "p50": 0.057471585000000006, "mean": 0.0604747456269946}, "com.adatao.pa.rest.CommandServlet.sampledataframe": {"count": 10, "p98": 0.430899415, "p75": 0.430899415, "m5_rate": 1.5015161244712038e-06, "p99": 0.44019095700000005, "min": 0.299161367, "max": 0.6642949690000001, "m15_rate": 0.00044241921097081617, "p95": 0.430899415, "duration_units": "seconds", "rate_units": "calls/second", "stddev": 0.018037183764689785, "mean_rate": 0.001620130148389994, "m1_rate": 1.6643923855658427e-20, "p999": 0.6642949690000001, "p50": 0.430899415, "mean": 0.4323966929531291}, "com.adatao.pa.aaa.ExecutionFilter.preFilter": {"count": 1078, "p98": 0.021441269000000002, "p75": 0.006798841000000001, "m5_rate": 0.00018860082962602657, "p99": 0.021441269000000002, "min": 2.1070000000000003e-06, "max": 0.081752163, "m15_rate": 0.02475988715760394, "p95": 0.020492601000000003, "duration_units": "seconds", "rate_units": "calls/second", "stddev": 0.005905258607397228, "mean_rate": 0.16267630583686327, "m1_rate": 1.9054228967233123e-17, "p999": 0.021441269000000002, "p50": 0.004014447, "mean": 0.006134959075817155}, "com.adatao.pa.rest.CommandServlet.getddf": {"count": 380, "p98": 0.021180462, "p75": 0.009790078, "m5_rate": 6.563341748033845e-05, "p99": 0.021180462, "min": 0.008024923, "max": 5.745561233, "m15_rate": 0.008579625190266138, "p95": 0.021180462, "duration_units": "seconds", "rate_units": "calls/second", "stddev": 0.0031383652728317517, "mean_rate": 0.05749980608006816, "m1_rate": 5.9925436380762146e-18, "p999": 0.021180462, "p50": 0.009123014, "mean": 0.010258432891913862}, "com.adatao.pa.rest.CommandServlet.topn": {"count": 24, "p98": 7.118412692000001, "p75": 6.923527649, "m5_rate": 1.1296937032882834e-05, "p99": 7.118412692000001, "min": 0.38073785200000004, "max": 7.8333216530000005, "m15_rate": 0.0009103066856924162, "p95": 7.118412692000001, "duration_units": "seconds", "rate_units": "calls/second", "stddev": 2.8930672090858343, "mean_rate": 0.004534246047755647, "m1_rate": 6.419292088299117e-19, "p999": 7.5989960860000005, "p50": 0.40244437000000005, "mean": 2.6256031725671667}, "com.adatao.pa.rest.CommandServlet.getauthenticateddatasources": {"count": 26, "p98": 0.0010648950000000002, "p75": 0.0010648950000000002, "m5_rate": 7.286242900556869e-06, "p99": 0.0010648950000000002, "min": 0.00048272200000000004, "max": 0.003871227, "m15_rate": 0.0008417048453820907, "p95": 0.0010648950000000002, "duration_units": "seconds", "rate_units": "calls/second", "stddev": 0.0002582273873663286, "mean_rate": 0.004025551896158924, "m1_rate": 1.7532621700045674e-18, "p999": 0.0010648950000000002, "p50": 0.0010648950000000002, "mean": 0.0008845862865417312}, "com.adatao.pa.rest.CommandServlet.quicksummary": {"count": 38, "p98": 0.064231024, "p75": 0.064231024, "m5_rate": 8.559724748640434e-06, "p99": 0.064231024, "min": 0.048948158000000005, "max": 0.23578258800000002, "m15_rate": 0.0011869583134466123, "p95": 0.064231024, "duration_units": "seconds", "rate_units": "calls/second", "stddev": 0.0037266851644528073, "mean_rate": 0.005897837370701448, "m1_rate": 3.369882504879938e-19, "p999": 0.064231024, "p50": 0.064231024, "mean": 0.06288512837568466}, "com.adatao.pa.rest.CommandServlet.listddf": {"count": 14, "p98": 0.008410631, "p75": 0.008410631, "m5_rate": 2.6860096548707544e-06, "p99": 0.008410631, "min": 0.007671781000000001,