{"gauges": {}, "histograms": {}, "version": "3.0.0", "meters": {}, "timers": {"com.adatao.pa.rest.CommandServlet.fetchrows": {"count": 2, "p98": 0.5226517660000001, "p75": 0.15400088, "m5_rate": 0.09041915284821053, "p99": 0.5226517660000001, "min": 0.15400088, "max": 0.5226517660000001, "m15_rate": 0.1532801484832164, "p95": 0.5226517660000001, "duration_units": "seconds", "rate_units": "calls/second", "stddev": 0.14032994271194485, "mean_rate": 0.007886256589162496, "m1_rate": 0.00479694400906177, "p999": 0.5226517660000001, "p50": 0.15400088, "mean": 0.21881324373413671}, "com.adatao.pa.rest.CommandServlet.nrow": {"count": 2, "p98": 0.095306419, "p75": 0.075998995, "m5_rate": 0.09344908120883746, "p99": 0.095306419, "min": 0.075998995, "max": 0.095306419, "m15_rate": 0.15498747453183936, "p95": 0.095306419, "duration_units": "seconds", "rate_units": "calls/second", "stddev": 0.00749190565716041, "mean_rate": 0.008211898683537158, "m1_rate": 0.005532158506575738, "p999": 0.095306419, "p50": 0.075998995, "mean": 0.07956456237268111}, "com.adatao.pa.rest.CommandServlet.geturi": {"count": 4, "p98": 0.033430231000000005, "p75": 0.017818058, "m5_rate": 0.09242416685174354, "p99": 0.033430231000000005, "min": 0.017814879000000002, "max": 0.033430231000000005, "m15_rate": 0.15421807596661058, "p95": 0.033430231000000005, "duration_units": "seconds", "rate_units": "calls/second", "stddev": 0.005046619841659863, "mean_rate": 0.015673387080983113, "m1_rate": 0.0061095748320867775, "p999": 0.033430231000000005, "p50": 0.017818058, "mean": 0.020104796984465333}, "com.adatao.pa.rest.CommandServlet.xtabs": {"count": 8, "p98": 0.424797384, "p75": 0.302130879, "m5_rate": 0.36772080476742003, "p99": 0.424797384, "min": 0.275702453, "max": 0.424797384, "m15_rate": 0.6165310444193769, "p95": 0.378697681, "duration_units": "seconds", "rate_units": "calls/second", "stddev": 0.03649078430745376, "mean_rate": 0.03264493839326376, "m1_rate": 0.020731285141146617, "p999": 0.424797384, "p50": 0.292221705, "mean": 0.3027732559923972}, "com.adatao.pa.rest.CommandServlet.countuniquevalues": {"count": 2, "p98": 2.0892755810000003, "p75": 0.590557432, "m5_rate": 0.09041915284821053, "p99": 2.0892755810000003, "min": 0.590557432, "max": 2.0892755810000003, "m15_rate": 0.1532801484832164, "p95": 2.0892755810000003, "duration_units": "seconds", "rate_units": "calls/second", "stddev": 0.576036964753956, "mean_rate": 0.007908386824590163, "m1_rate": 0.00479694400906177, "p999": 2.0892755810000003, "p50": 0.590557432, "mean": 0.8606249065605203}, "com.adatao.pa.rest.CommandServlet.subset": {"count": 2, "p98": 1.557345231, "p75": 0.131442207, "m5_rate": 0.08892465570494866, "p99": 1.557345231, "min": 0.131442207, "max": 1.557345231, "m15_rate": 0.15243095316278737, "p95": 1.557345231, "duration_units": "seconds", "rate_units": "calls/second", "stddev": 0.5427815238472231, "mean_rate": 0.007837955739521259, "m1_rate": 0.004413401542826875, "p999": 1.557345231, "p50": 0.131442207, "mean": 0.3821296431373255}, "com.adatao.pa.rest.CommandServlet.getmultifactor": {"count": 4, "p98": 3.1381268550000003, "p75": 1.940074053, "m5_rate": 0.09397747793552884, "p99": 3.1381268550000003, "min": 1.7528260610000002, "max": 3.1381268550000003, "m15_rate": 0.1550772273772598, "p95": 3.1381268550000003, "duration_units": "seconds", "rate_units": "calls/second", "stddev": 0.3874456598168873, "mean_rate": 0.015949482416247197, "m1_rate": 0.006640521625848101, "p999": 3.1381268550000003, "p50": 1.940074053, "mean": 2.004503841923924}, "com.adatao.pa.aaa.ExecutionFilter.preFilter": {"count": 37, "p98": 0.030751736000000002, "p75": 0.006011275, "m5_rate": 0.12728711702046502, "p99": 0.030751736000000002, "min": 3.854e-06, "max": 0.11490388500000001, "m15_rate": 0.16921642209250587, "p95": 0.030750104, "duration_units": "seconds", "rate_units": "calls/second", "stddev": 0.008438799308865614, "mean_rate": 0.10631239139731626, "m1_rate": 0.031697622638586054, "p999": 0.11490388500000001, "p50": 0.004487662, "mean": 0.006881928045504635}, "com.adatao.pa.rest.CommandServlet.getddf": {"count": 6, "p98": 5.075544918, "p75": 0.054170268, "m5_rate": 0.0104406916087931, "p99": 5.075544918, "min": 0.022582434000000002, "max": 5.075544918, "m15_rate": 0.005351467479502668, "p95": 5.075544918, "duration_units": "seconds", "rate_units": "calls/second", "stddev": 1.1481344293595408, "mean_rate": 0.023051261252000372, "m1_rate": 0.004952901339546822, "p999": 5.075544918, "p50": 0.03197257, "mean": 0.315360683852413}, "com.adatao.pa.rest.CommandServlet.getauthenticateddatasources": {"count": 3, "p98": 0.31601925000000003, "p75": 0.002302085, "m5_rate": 0.06760938950649276, "p99": 0.31601925000000003, "min": 0.002302085, "max": 0.31601925000000003, "m15_rate": 0.13881140362229527, "p95": 0.31601925000000003, "duration_units": "seconds", "rate_units": "calls/second", "stddev": 0.07087553881009923, "mean_rate": 0.008615585915840268, "m1_rate": 0.0019413437413945852, "p999": 0.31601925000000003, "p50": 0.002302085, "mean": 0.019995485665533407}, "com.adatao.pa.rest.CommandServlet.quicksummary": {"count": 2, "p98": 0.155193632, "p75": 0.075125644, "m5_rate": 0.09190450375474978, "p99": 0.155193632, "min": 0.075125644, "max": 0.155193632, "m15_rate": 0.1541288203655958, "p95": 0.155193632, "duration_units": "seconds", "rate_units": "calls/second", "stddev": 0.030921843568863683, "mean_rate": 0.008079723768885447, "m1_rate": 0.005089831534819106, "p999": 0.155193632, "p50": 0.075125644, "mean": 0.08973208865102107}, "com.adatao.pa.rest.CommandServlet.listddf": {"count": 2, "p98": 0.10095659300000001, "p75": 0.018986472, "m5_rate": 0.08058742599962869, "p99": 0.10095659300000001, "min": 0.018986472, "max": 0.10095659300000001, "m15_rate": 0.14745405729767525, "p95": 0.10095659300000001, "duration_units": "seconds", "rate_units": "calls/second", "stddev": 0.027985101083393017, "mean_rate": 0.006921141734718633, "m1_rate": 0.00299183051351784, "p999": 0.10095659300000001, "p50": 0.018986472, "mean": 0.030028097467577036}, "com.adatao.pa.aaa.ExecutionFilter.postFilter": {"count": 37, "p98": 0.006423946000000001, "p75": 1.4773e-05, "m5_rate": 0.1273696767846498, "p99": 0.008924937, "min": 5.618e-06, "max": 0.027203826, "m15_rate": 0.16923102800120673, "p95": 0.006423946000000001, "duration_units": "seconds", "rate_units": "calls/second", "stddev": 0.002738473132186579, "mean_rate": 0.10631251386547524, "m1_rate": 0.03186484986970284, "p999": 0.027203826, "p50": 7.450000000000001e-06, "mean": 0.0007564426389404877}}, "counters": {}}