{"gauges": {}, "histograms": {}, "version": "3.0.0", "meters": {}, "timers": {"com.adatao.pa.rest.CommandServlet.sql2liststring": {"count": 26, "p98": 0.9687673990000001, "p75": 0.813367861, "m5_rate": 5.831112078761158e-07, "p99": 0.9687673990000001, "min": 0.057023460000000005, "max": 1.4393839620000002, "m15_rate": 0.00177462631234631, "p95": 0.9687673990000001, "duration_units": "seconds", "rate_units": "calls/second", "stddev": 0.2001772910649482, "mean_rate": 0.0057615732708996064, "m1_rate": 5.989084562685716e-26, "p999": 0.9687673990000001, "p50": 0.591946732, "mean": 0.6434341528694452}, "com.adatao.pa.rest.CommandServlet.setddfname": {"count": 6, "p98": 2.6039229870000002, "p75": 2.6039229870000002, "m5_rate": 1.5291718951794546e-09, "p99": 2.6039229870000002, "min": 0.67253194, "max": 2.6039229870000002, "m15_rate": 0.00038186464809152445, "p95": 2.6039229870000002, "duration_units": "seconds", "rate_units": "calls/second", "stddev": 0.0304893486599915, "mean_rate": 0.0010578003681580082, "m1_rate": 8.021426054045176e-39, "p999": 2.6039229870000002, "p50": 2.6039229870000002, "mean": 2.6033849879200117}, "com.adatao.pa.rest.CommandServlet.ddfnameexists": {"count": 4, "p98": 0.006547455000000001, "p75": 0.006507237000000001, "m5_rate": 1.6035108286182925e-08, "p99": 0.006547455000000001, "min": 0.004033718, "max": 0.006547455000000001, "m15_rate": 0.0013686313887388052, "p95": 0.006547455000000001, "duration_units": "seconds", "rate_units": "calls/second", "stddev": 0.0009765243398038977, "mean_rate": 0.0007807000753787802, "m1_rate": 4.2478696152954323e-38, "p999": 0.006547455000000001, "p50": 0.006507237000000001, "mean": 0.005638029911444619}, "com.adatao.pa.rest.CommandServlet.getauthenticateddatasources": {"count": 11, "p98": 0.0010402270000000001, "p75": 0.0010402270000000001, "m5_rate": 2.089062768366133e-07, "p99": 0.0010402270000000001, "min": 0.0006968580000000001, "max": 0.002330738, "m15_rate": 0.0007711921513124453, "p95": 0.0010402270000000001, "duration_units": "seconds", "rate_units": "calls/second", "stddev": 0.0001402022130481637, "mean_rate": 0.002105790811052916, "m1_rate": 8.953062468991715e-26, "p999": 0.0010402270000000001, "p50": 0.0010402270000000001, "mean": 0.0009117322958060036}, "com.adatao.pa.rest.CommandServlet.listddf": {"count": 4, "p98": 0.009194817000000001, "p75": 0.009194817000000001, "m5_rate": 1.1294825420771214e-07, "p99": 0.009194817000000001, "min": 0.009194817000000001, "max": 0.023908210000000003, "m15_rate": 0.0012735065720156286, "p95": 0.009194817000000001, "duration_units": "seconds", "rate_units": "calls/second", "stddev": 1.802790810492813e-05, "mean_rate": 0.0008702621217336194, "m1_rate": 2.2589954152557016e-26, "p999": 0.009194817000000001, "p50": 0.009194817000000001, "mean": 0.009195097679843249}, "com.adatao.pa.rest.CommandServlet.getmultifactor": {"count": 49, "p98": 1.5270631860000001, "p75": 1.326582635, "m5_rate": 4.887383479375388e-07, "p99": 1.5270631860000001, "min": 0.011844304, "max": 6.068774427, "m15_rate": 0.0012998632194356676, "p95": 1.5270631860000001, "duration_units": "seconds", "rate_units": "calls/second", "stddev": 0.29127390611028636, "mean_rate": 0.008631589105747756, "m1_rate": 1.0596113682539124e-25, "p999": 1.5270631860000001, "p50": 1.210724449, "mean": 1.1654314075803711}, "com.adatao.pa.rest.CommandServlet.getddf": {"count": 126, "p98": 0.027271496000000003, "p75": 0.013810229, "m5_rate": 1.7715568991152534e-06, "p99": 0.027271496000000003, "min": 0.004367864, "max": 0.337391881, "m15_rate": 0.0021770550148343284, "p95": 0.027271496000000003, "duration_units": "seconds", "rate_units": "calls/second", "stddev": 0.004758351851622575, "mean_rate": 0.022165633632192618, "m1_rate": 3.89255770654035e-25, "p999": 0.027271496000000003, "p50": 0.009832430000000001, "mean": 0.012167030302420662}, "com.adatao.pa.rest.CommandServlet.topn": {"count": 8, "p98": 0.150483437, "p75": 0.150483437, "m5_rate": 1.8144920127832548e-07, "p99": 0.150483437, "min": 0.053690699, "max": 4.054343279, "m15_rate": 0.001528034020242664, "p95": 0.150483437, "duration_units": "seconds", "rate_units": "calls/second", "stddev": 0.00695662168099349, "mean_rate": 0.0017921921620794856, "m1_rate": 2.910819175867328e-26, "p999": 0.150483437, "p50": 0.150483437, "mean": 0.14993698279394002}, "com.adatao.pa.rest.CommandServlet.nrow": {"count": 51, "p98": 0.22530607700000002, "p75": 0.208683314, "m5_rate": 6.725938223318766e-07, "p99": 0.22530607700000002, "min": 0.042382229, "max": 0.350451114, "m15_rate": 0.001489768096662876, "p95": 0.22530607700000002, "duration_units": "seconds", "rate_units": "calls/second", "stddev": 0.0752732177182813, "mean_rate": 0.010163249477143348, "m1_rate": 1.7176607101631272e-25, "p999": 0.22530607700000002, "p50": 0.060144439, "mean": 0.10303910272771766}, "com.adatao.pa.rest.CommandServlet.connect": {"count": 23, "p98": 0.00028747800000000003, "p75": 0.00026473100000000004, "m5_rate": 2.0705136184249018e-07, "p99": 0.00028747800000000003, "min": 0.00023459200000000002, "max": 0.154690832, "m15_rate": 0.0019394597145708356, "p95": 0.00028747800000000003, "duration_units": "seconds", "rate_units": "calls/second", "stddev": 0.00044628687656526347, "mean_rate": 0.004021583662013212, "m1_rate": 8.606279845477341e-26, "p999": 0.00028747800000000003, "p50": 0.00026473100000000004, "mean": 0.0002665181416716425}, "com.adatao.pa.rest.CommandServlet.countuniquevalues": {"count": 7, "p98": 0.40042871500000005, "p75": 0.40042871500000005, "m5_rate": 9.938761197672635e-08, "p99": 0.40042871500000005, "min": 0.305462185, "max": 0.6892632320000001, "m15_rate": 0.0008494812655955518, "p95": 0.40042871500000005, "duration_units": "seconds", "rate_units": "calls/second", "stddev": 0.006487460573821262, "mean_rate": 0.0013942028729483629, "m1_rate": 2.461417360458319e-26, "p999": 0.40042871500000005, "p50": 0.40042871500000005, "mean": 0.3999806043539822}, "com.adatao.pa.rest.CommandServlet.quicksummary": {"count": 25, "p98": 0.050752882000000006, "p75": 0.048212425, "m5_rate": 2.974253413998026e-07, "p99": 0.050752882000000006, "min": 0.028680714000000003, "max": 0.198377683, "m15_rate": 0.0011010293257310796, "p95": 0.050752882000000006, "duration_units": "seconds", "rate_units": "calls/second", "stddev": 0.004901482867382268, "mean_rate": 0.00498081669316053, "m1_rate": 5.103352069559019e-26, "p999": 0.05882007400000001, "p50": 0.039920906, "mean": 0.044530014449522065}, "com.adatao.pa.rest.CommandServlet.fetchrows": {"count": 32, "p98": 0.17726945000000002, "p75": 0.16534448200000001, "m5_rate": 5.503804292404681e-07, "p99": 0.17726945000000002, "min": 0.023417431000000002, "max": 0.47497640700000004, "m15_rate": 0.001713261319289891, "p95": 0.17726945000000002, "duration_units": "seconds", "rate_units": "calls/second", "stddev": 0.06454943155323677, "mean_rate": 0.00697514278749283, "m1_rate": 1.7049771659519065e-25, "p999": 0.31821976700000004, "p50": 0.03663902, "mean": 0.08595693509361944}, "com.adatao.pa.rest.CommandServlet.geturi": {"count": 42, "p98": 0.009806949, "p75": 0.008027096000000001, "m5_rate": 7.395928288849365e-07, "p99": 0.011548184000000001, "min": 0.005007575, "max": 0.022741208000000002, "m15_rate": 0.00292232441812057, "p95": 0.009806949, "duration_units": "seconds", "rate_units": "calls/second", "stddev": 0.0011231800208336223, "mean_rate": 0.008367699157185642, "m1_rate": 1.1448467197878614e-25, "p999": 0.011548184000000001, "p50": 0.007088393, "mean": 0.007543108402872634}, "com.adatao.pa.rest.CommandServlet.xtabs": {"count": 35, "p98": 0.259017012, "p75": 0.24758526900000002, "m5_rate": 4.796985361764031e-07, "p99": 0.259017012, "min": 0.19101120100000002, "max": 0.36370044700000004, "m15_rate": 0.0027578769956162234, "p95": 0.259017012, "duration_units": "seconds", "rate_units": "calls/second", "stddev": 0.010603347157778796, "mean_rate": 0.006973424958428612, "m1_rate": 1.31144035474426e-25, "p999": 0.259017012, "p50": 0.239927507,