{"gauges": {}, "histograms": {}, "version": "3.0.0", "meters": {}, "timers": {"com.adatao.pa.rest.CommandServlet.connect": {"count": 1, "p98": 0.149563563, "p75": 0.149563563, "m5_rate": 0.12752563032435466, "p99": 0.149563563, "min": 0.149563563, "max": 0.149563563, "m15_rate": 0.17214159528501152, "p95": 0.149563563, "duration_units": "seconds", "rate_units": "calls/second", "stddev": 0.0, "mean_rate": 0.006963856219965499, "m1_rate": 0.02107984491237289, "p999": 0.149563563, "p50": 0.149563563, "mean": 0.149563563}, "com.adatao.pa.aaa.ExecutionFilter.preFilter": {"count": 7, "p98": 0.12300735400000001, "p75": 0.012827933000000001, "m5_rate": 0.14376485296222258, "p99": 0.12300735400000001, "min": 0.0033851500000000004, "max": 0.12300735400000001, "m15_rate": 0.17835336293356097, "p95": 0.015942369, "duration_units": "seconds", "rate_units": "calls/second", "stddev": 0.02463531641855014, "mean_rate": 0.049382044994944314, "m1_rate": 0.06031087568856779, "p999": 0.12300735400000001, "p50": 0.005939046000000001, "mean": 0.01311128939936095}, "com.adatao.pa.rest.CommandServlet.getddf": {"count": 3, "p98": 5.490905505000001, "p75": 0.050345520000000005, "m5_rate": 0.007542819673055174, "p99": 5.490905505000001, "min": 0.040345764, "max": 5.490905505000001, "m15_rate": 0.0030277413491428817, "p95": 5.490905505000001, "duration_units": "seconds", "rate_units": "calls/second", "stddev": 1.87121767451949, "mean_rate": 0.021143208329247917, "m1_rate": 0.014813837623151435, "p999": 5.490905505000001, "p50": 0.040345764, "mean": 0.787609359665118}, "com.adatao.pa.rest.CommandServlet.groupby": {"count": 2, "p98": 3.162059285, "p75": 3.162059285, "m5_rate": 0.15115477354593074, "p99": 3.162059285, "min": 0.346881184, "max": 3.162059285, "m15_rate": 0.18203918844894812, "p95": 3.162059285, "duration_units": "seconds", "rate_units": "calls/second", "stddev": 1.2761805265711235, "mean_rate": 0.02025123322463716, "m1_rate": 0.05432513481820327, "p999": 3.162059285, "p50": 0.346881184, "mean": 1.1606098142932468}, "com.adatao.pa.aaa.ExecutionFilter.postFilter": {"count": 7, "p98": 0.007844777, "p75": 0.0058021850000000005, "m5_rate": 0.018464095280882248, "p99": 0.007844777, "min": 7.956e-06, "max": 0.007844777, "m15_rate": 0.007181911193892355, "p95": 0.007844777, "duration_units": "seconds", "rate_units": "calls/second", "stddev": 0.0029249299719782706, "mean_rate": 0.04938213691588671, "m1_rate": 0.04165832661133387, "p999": 0.007844777, "p50": 1.1940000000000001e-05, "mean": 0.002198037318954451}, "com.adatao.pa.rest.CommandServlet.topn": {"count": 2, "p98": 7.3420765050000005, "p75": 7.3420765050000005, "m5_rate": 0.005481216564174941, "p99": 7.3420765050000005, "min": 0.22601085, "max": 7.3420765050000005, "m15_rate": 0.0020798776376379936, "p95": 7.3420765050000005, "duration_units": "seconds", "rate_units": "calls/second", "stddev": 3.3035938783508625, "mean_rate": 0.02092212507578616, "m1_rate": 0.013577285685961043, "p999": 7.3420765050000005, "p50": 0.22601085, "mean": 2.462731795887506}}, "counters": {}}