{"gauges": {}, "histograms": {}, "version": "3.0.0", "meters": {}, "timers": {"com.adatao.pa.rest.CommandServlet.fetchrows": {"count": 48, "p98": 0.21734662400000002, "p75": 0.16454901200000002, "m5_rate": 0.00022619039985049663, "p99": 0.21734662400000002, "min": 0.02592875, "max": 0.5419443300000001, "m15_rate": 0.011665504841587905, "p95": 0.21734662400000002, "duration_units": "seconds", "rate_units": "calls/second", "stddev": 0.07817253759806682, "mean_rate": 0.01582840905470527, "m1_rate": 5.89948544936901e-13, "p999": 0.301880523, "p50": 0.037835061, "mean": 0.09580296886909176}, "com.adatao.pa.rest.CommandServlet.nrow": {"count": 75, "p98": 0.23444879200000002, "p75": 0.21981569, "m5_rate": 0.0003145094474290329, "p99": 0.23444879200000002, "min": 0.041395746000000004, "max": 0.329379656, "m15_rate": 0.014183849070684797, "p95": 0.23444879200000002, "duration_units": "seconds", "rate_units": "calls/second", "stddev": 0.08201912302399472, "mean_rate": 0.024816898056158398, "m1_rate": 6.113379856334014e-13, "p999": 0.25949947900000003, "p50": 0.050111986000000004, "mean": 0.1042520777537284}, "com.adatao.pa.rest.CommandServlet.geturi": {"count": 59, "p98": 0.009826636000000001, "p75": 0.008903840000000001, "m5_rate": 0.0002773371912785407, "p99": 0.009826636000000001, "min": 0.005013728, "max": 0.034144907, "m15_rate": 0.012792308344063464, "p95": 0.009826636000000001, "duration_units": "seconds", "rate_units": "calls/second", "stddev": 0.0012448025034313957, "mean_rate": 0.01944481374762338, "m1_rate": 4.111303241922124e-13, "p999": 0.009826636000000001, "p50": 0.007063951000000001, "mean": 0.007518186130116475}, "com.adatao.pa.rest.CommandServlet.connect": {"count": 15, "p98": 0.00034213500000000003, "p75": 0.00034213500000000003, "m5_rate": 9.089089322104359e-05, "p99": 0.00034213500000000003, "min": 0.000255836, "max": 0.16755835800000002, "m15_rate": 0.014945268624004032, "p95": 0.00034213500000000003, "duration_units": "seconds", "rate_units": "calls/second", "stddev": 0.0014873845039605597, "mean_rate": 0.0049075495075916525, "m1_rate": 2.8668486202135205e-13, "p999": 0.00039583, "p50": 0.00034213500000000003, "mean": 0.0003675651477092714}, "com.adatao.pa.rest.CommandServlet.xtabs": {"count": 48, "p98": 0.287424383, "p75": 0.233547255, "m5_rate": 0.0002309418380375074, "p99": 0.287424383, "min": 0.18838851, "max": 0.432502423, "m15_rate": 0.032494209237272365, "p95": 0.287424383, "duration_units": "seconds", "rate_units": "calls/second", "stddev": 0.02950108847036771, "mean_rate": 0.01587504810346592, "m1_rate": 4.530970832048514e-13, "p999": 0.30833381000000004, "p50": 0.22305797000000002, "mean": 0.23514673261020946}, "com.adatao.pa.rest.CommandServlet.countuniquevalues": {"count": 9, "p98": 0.33199037200000003, "p75": 0.33199037200000003, "m5_rate": 4.7514853710069684e-05, "p99": 0.33199037200000003, "min": 0.301793655, "max": 2.178570073, "m15_rate": 0.0077798151287777765, "p95": 0.33199037200000003, "duration_units": "seconds", "rate_units": "calls/second", "stddev": 0.007683222455118863, "mean_rate": 0.002968674527329716, "m1_rate": 9.341032166744943e-14, "p999": 0.37090334900000005, "p50": 0.33199037200000003, "mean": 0.3302668107171328}, "com.adatao.pa.rest.CommandServlet.topn": {"count": 12, "p98": 0.13297255200000002, "p75": 0.13297255200000002, "m5_rate": 5.3067897838866776e-05, "p99": 0.13297255200000002, "min": 0.054982086000000006, "max": 5.4827417060000005, "m15_rate": 0.0011914540226700416, "p95": 0.13297255200000002, "duration_units": "seconds", "rate_units": "calls/second", "stddev": 0.019900859573493832, "mean_rate": 0.004131637721978443, "m1_rate": 1.1225406384591362e-13, "p999": 0.13297255200000002, "p50": 0.13297255200000002, "mean": 0.12696855808416294}, "com.adatao.pa.rest.CommandServlet.subset": {"count": 57, "p98": 0.09538354, "p75": 0.09538354, "m5_rate": 0.00024003565328284656, "p99": 0.09538354, "min": 0.056110062, "max": 1.662629197, "m15_rate": 0.012368032757807734, "p95": 0.09538354, "duration_units": "seconds", "rate_units": "calls/second", "stddev": 0.013452030627800659, "mean_rate": 0.018785908670826648, "m1_rate": 4.853437835669875e-13, "p999": 0.09538354, "p50": 0.078492798, "mean": 0.07945974225900128}, "com.adatao.pa.rest.CommandServlet.getmultifactor": {"count": 21, "p98": 1.5390088610000001, "p75": 1.5390088610000001, "m5_rate": 9.612608181705372e-05, "p99": 1.5390088610000001, "min": 0.572214678, "max": 3.1285052180000004, "m15_rate": 0.008960512430886448, "p95": 1.5390088610000001, "duration_units": "seconds", "rate_units": "calls/second", "stddev": 0.2506859137681043, "mean_rate": 0.006931941647927836, "m1_rate": 2.036544630961741e-13, "p999": 1.5390088610000001, "p50": 1.1502902030000002, "mean": 1.299545898352495}, "com.adatao.pa.rest.CommandServlet.sampledataframe": {"count": 18, "p98": 0.034595663, "p75": 0.034300656, "m5_rate": 7.559229727069573e-05, "p99": 0.046826394, "min": 0.029698980000000003, "max": 0.08271750600000001, "m15_rate": 0.008767910483631054, "p95": 0.034300656, "duration_units": "seconds", "rate_units": "calls/second", "stddev": 0.0019063171681261782, "mean_rate": 0.005983744168503019, "m1_rate": 1.3060419922375778e-13, "p999": 0.046826394, "p50": 0.034300656, "mean": 0.03431765288813012}, "com.adatao.pa.aaa.ExecutionFilter.preFilter": {"count": 641, "p98": 0.011668273000000002, "p75": 0.004123593, "m5_rate": 0.0027726024934873724, "p99": 0.012527545000000001, "min": 3.569e-06, "max": 0.07272411000000001, "m15_rate": 0.06946526458073253, "p95": 0.007789128, "duration_units": "seconds", "rate_units": "calls/second", "stddev": 0.002245399063971344, "mean_rate": 0.20983574434465757, "m1_rate": 5.733852998253971e-12, "p999": 0.014569659, "p50": 0.0028236510000000004, "mean": 0.0033002402718436538}, "com.adatao.pa.rest.CommandServlet.getddf": {"count": 180, "p98": 0.027595679, "p75": 0.010293677000000001, "m5_rate": 0.0007706967661293372, "p99": 0.027595679, "min": 0.00833216, "max": 4.878883768000001, "m15_rate": 0.024401386677677276, "p95": 0.027595679, "duration_units": "seconds", "rate_units": "calls/second", "stddev": 0.0046560524168997135, "mean_rate": 0.05922785355796122, "m1_rate": 1.442953506926972e-12, "p999": 0.027595679, "p50": 0.009724715, "mean": 0.01142838484148055}, "com.adatao.pa.rest.CommandServlet.sql2liststring": {"count": 39, "p98": 1.098668272, "p75": 0.812804297, "m5_rate": 0.00020110742697772706, "p99": 1.098668272, "min": 0.047307526, "max": 1.5211862180000002, "m15_rate": 0.011631598880244304, "p95": 1.098668272, "duration_units": "seconds", "rate_units": "calls/second", "stddev": 0.21594915346060803, "mean_rate": 0.01322169159688098, "m1_rate": 2.1536628904175664e-13, "p999": 1.098668272, "p50": 0.587811292, "mean": 0.6492726555644829}, "com.adatao.pa.rest.CommandServlet.getauthenticateddatasources": {"count": 15, "p98": 0.001629935, "p75": 0.001629935, "m5_rate": 8.552193585681935e-05, "p99": 0.001629935, "min": 0.000539524, "max": 0.273668499, "m15_rate": 0.008284481327122608, "p95": 0.001629935, "duration_units": "seconds", "rate_units": "calls/second", "stddev": 0.00047106885646093944, "mean_rate": 0.004910067518288044, "m1_rate": 3.2415546912812414e-13, "p999": 0.001629935, "p50": 0.001629935, "mean": 0.0011786942680388187}, "com.adatao.pa.rest.CommandServlet.quicksummary": {"count": 12, "p98": 0.054345267, "p75": 0.042593062, "m5_rate": 5.5517286166284e-05, "p99": 0.054345267, "min": 0.036632134000000004, "max": 0.120996949, "m15_rate": 0.00807202965169535, "p95": 0.054345267, "duration_units": "seconds", "rate_units": "calls/second", "stddev": 0.002900515498764142, "mean_rate": 0.003965367284356028, "m1_rate": 9.397725323473573e-14, "p999": 0.054345267, "p50": 0.042593062, "mean": 0.04322458907904791}, "com.adatao.pa.rest.CommandServlet.listddf": {"count": 6, "p98": 0.011903159, "p75": 0.011903159, "m5_rate": 3.4925710281674644e-05, "p99": 0.011903159, "min": 0.009659934, "max": 0.092431631, "m15_rate": 0.007371752355672764,