{"gauges": {}, "histograms": {}, "version": "3.0.0", "meters": {}, "timers": {"com.adatao.pa.rest.CommandServlet.fetchrows": {"count": 78, "p98": 0.371381247, "p75": 0.371381247, "m5_rate": 2.0752666609431704e-05, "p99": 0.371381247, "min": 0.031039695000000003, "max": 1.122736479, "m15_rate": 0.0020282278866988945, "p95": 0.371381247, "duration_units": "seconds", "rate_units": "calls/second", "stddev": 0.06920606019911622, "mean_rate": 0.012149421796119551, "m1_rate": 9.079639504881782e-17, "p999": 0.371381247, "p50": 0.371381247, "mean": 0.3444522930961385}, "com.adatao.pa.rest.CommandServlet.nrow": {"count": 70, "p98": 0.20529866600000002, "p75": 0.051458732, "m5_rate": 2.100552919291186e-05, "p99": 0.225752852, "min": 0.044259963, "max": 0.344325949, "m15_rate": 0.0019397522076527347, "p95": 0.20529866600000002, "duration_units": "seconds", "rate_units": "calls/second", "stddev": 0.04975259132648897, "mean_rate": 0.01092049058319967, "m1_rate": 1.0644470259765255e-16, "p999": 0.225752852, "p50": 0.051458732, "mean": 0.07009634340364486}, "com.adatao.pa.rest.CommandServlet.geturi": {"count": 172, "p98": 0.009758175000000001, "p75": 0.008254876000000001, "m5_rate": 6.083483849995676e-05, "p99": 0.009758175000000001, "min": 0.004772293, "max": 0.032352764, "m15_rate": 0.0042392064898717705, "p95": 0.009758175000000001, "duration_units": "seconds", "rate_units": "calls/second", "stddev": 0.001358615311842276, "mean_rate": 0.026782399287671982, "m1_rate": 1.267883402809125e-15, "p999": 0.011330424, "p50": 0.006969602, "mean": 0.007273868075011048}, "com.adatao.pa.rest.CommandServlet.connect": {"count": 27, "p98": 0.000364943, "p75": 0.00028857700000000004, "m5_rate": 1.9502970954563208e-05, "p99": 0.000364943, "min": 0.000205156, "max": 0.183176216, "m15_rate": 0.0009941107931846823, "p95": 0.000364943, "duration_units": "seconds", "rate_units": "calls/second", "stddev": 4.1714387915077434e-05, "mean_rate": 0.004096156065122617, "m1_rate": 5.171839890421351e-16, "p999": 0.000364943, "p50": 0.00028857700000000004, "mean": 0.0002868482710253712}, "com.adatao.pa.rest.CommandServlet.vectormax": {"count": 4, "p98": 0.060462325000000004, "p75": 0.060462325000000004, "m5_rate": 2.987742427820557e-07, "p99": 0.060462325000000004, "min": 0.05458957800000001, "max": 0.201936682, "m15_rate": 0.00042242497431414495, "p95": 0.060462325000000004, "duration_units": "seconds", "rate_units": "calls/second", "stddev": 0.002922471619420516, "mean_rate": 0.0006965595262940873, "m1_rate": 5.963115570907644e-24, "p999": 0.060462325000000004, "p50": 0.05458957800000001, "mean": 0.057240558849106726}, "com.adatao.pa.rest.CommandServlet.countuniquevalues": {"count": 12, "p98": 0.357997265, "p75": 0.320989267, "m5_rate": 7.14139815682579e-06, "p99": 0.357997265, "min": 0.318105065, "max": 2.0849728780000003, "m15_rate": 0.0005281630981757062, "p95": 0.320989267, "duration_units": "seconds", "rate_units": "calls/second", "stddev": 0.005349806578833658, "mean_rate": 0.0018698635307543214, "m1_rate": 8.926784886409009e-17, "p999": 0.357997265, "p50": 0.320989267, "mean": 0.3217794894280499}, "com.adatao.pa.rest.CommandServlet.topn": {"count": 24, "p98": 7.146351657, "p75": 6.5456315080000005, "m5_rate": 2.940656126524888e-05, "p99": 7.146351657, "min": 0.376204762, "max": 7.553413326, "m15_rate": 0.0012403014602804224, "p95": 7.146351657, "duration_units": "seconds", "rate_units": "calls/second", "stddev": 2.777516767593235, "mean_rate": 0.0047001577084142395, "m1_rate": 1.1067741293186962e-16, "p999": 7.364139542, "p50": 0.44617638600000004, "mean": 2.3704679927334786}, "com.adatao.pa.rest.CommandServlet.subset": {"count": 16, "p98": 0.11059419100000001, "p75": 0.11059419100000001, "m5_rate": 8.576332807729606e-06, "p99": 0.11059419100000001, "min": 0.065961802, "max": 2.0256722440000003, "m15_rate": 0.000668783542561943, "p95": 0.11059419100000001, "duration_units": "seconds", "rate_units": "calls/second", "stddev": 0.004840134672842773, "mean_rate": 0.0024913995812451987, "m1_rate": 8.215321043569414e-17, "p999": 0.11059419100000001, "p50": 0.11059419100000001, "mean": 0.10987374713021539}, "com.adatao.pa.rest.CommandServlet.vectorhistogram": {"count": 4, "p98": 0.13920716800000002, "p75": 0.13920716800000002, "m5_rate": 2.987742427820557e-07, "p99": 0.13920716800000002, "min": 0.09298661600000001, "max": 0.321462798, "m15_rate": 0.00042242497431414495, "p95": 0.13920716800000002, "duration_units": "seconds", "rate_units": "calls/second", "stddev": 0.023000863387091265, "mean_rate": 0.0006965196651123243, "m1_rate": 5.963115570907644e-24, "p999": 0.13920716800000002, "p50": 0.09298661600000001, "mean": 0.11385075303623561}, "com.adatao.pa.rest.CommandServlet.getmultifactor": {"count": 26, "p98": 0.667691303, "p75": 0.642600393, "m5_rate": 1.4851828261529179e-05, "p99": 0.6846463530000001, "min": 0.580945671, "max": 2.010310984, "m15_rate": 0.0011234604050815319, "p95": 0.642600393, "duration_units": "seconds", "rate_units": "calls/second", "stddev": 0.03189918978994077, "mean_rate": 0.004052699808168032, "m1_rate": 1.7140429586810248e-16, "p999": 0.6846463530000001, "p50": 0.642600393, "mean": 0.6131339006360356}, "com.adatao.pa.rest.CommandServlet.sampledataframe": {"count": 10, "p98": 0.433218457, "p75": 0.433218457, "m5_rate": 2.797592239604738e-06, "p99": 0.433218457, "min": 0.294265084, "max": 0.546688978, "m15_rate": 0.00047735914658688993, "p95": 0.433218457, "duration_units": "seconds", "rate_units": "calls/second", "stddev": 0.0007231347472002108, "mean_rate": 0.0016262792455255374, "m1_rate": 1.612235793025848e-18, "p999": 0.433218457, "p50": 0.433218457, "mean": 0.4332323527617308}, "com.adatao.pa.aaa.ExecutionFilter.preFilter": {"count": 1126, "p98": 0.021721249, "p75": 0.005315141000000001, "m5_rate": 0.0004733463250771759, "p99": 0.021721249, "min": 1.936e-06, "max": 0.033749349000000005, "m15_rate": 0.0308605073897445, "p95": 0.019648323000000002, "duration_units": "seconds", "rate_units": "calls/second", "stddev": 0.005385968031442048, "mean_rate": 0.17475878267105607, "m1_rate": 5.672742914106747e-15, "p999": 0.021721249, "p50": 0.003953984000000001, "mean": 0.005518360784312555}, "com.adatao.pa.rest.CommandServlet.getddf": {"count": 368, "p98": 0.012549865, "p75": 0.011138108, "m5_rate": 0.0001477736798142905, "p99": 0.012549865, "min": 0.008320714, "max": 5.6331334150000005, "m15_rate": 0.010030864388052839, "p95": 0.012549865, "duration_units": "seconds", "rate_units": "calls/second", "stddev": 0.001474273731970948, "mean_rate": 0.05725162541930091, "m1_rate": 1.533938198236022e-15, "p999": 0.021841577, "p50": 0.009238905, "mean": 0.009935937922008408}, "com.adatao.pa.rest.CommandServlet.sql2liststring": {"count": 148, "p98": 1.128885548, "p75": 0.8587191070000001, "m5_rate": 4.7000241467359715e-05, "p99": 1.128885548, "min": 0.047792797000000005, "max": 1.8956756830000001, "m15_rate": 0.0035227290569582077, "p95": 1.128885548, "duration_units": "seconds", "rate_units": "calls/second", "stddev": 0.11180793950846989, "mean_rate": 0.02318104936103847, "m1_rate": 1.1330295765650824e-15, "p999": 1.128885548, "p50": 0.812175913, "mean": 0.8376940767096225}, "com.adatao.pa.rest.CommandServlet.getauthenticateddatasources": {"count": 26, "p98": 0.000624168, "p75": 0.000624168, "m5_rate": 1.947737867502478e-05, "p99": 0.000624168, "min": 0.0005482530000000001, "max": 0.254985962, "m15_rate": 0.0010194792152880862, "p95": 0.000624168, "duration_units": "seconds", "rate_units": "calls/second", "stddev": 2.0486387749179363e-05, "mean_rate": 0.004035193134809874, "m1_rate": 4.623452343470028e-16, "p999": 0.000651194, "p50": 0.000624168, "mean": 0.0006117789865260716}, "com.adatao.pa.rest.CommandServlet.quicksummary": {"count": 14, "p98": 0.061555255, "p75": 0.0496491, "m5_rate": 7.827796850100872e-06, "p99": 0.061555255, "min": 0.0496491, "max": 0.33108301300000004, "m15_rate": 0.0005980897661100508, "p95": 0.0496491, "duration_units": "seconds",